{
    "$schema": "https://schema.management.azure.com/schemas/2015-01-01/deploymentTemplate.json#",
    "contentVersion": "1.0.0.0",
    "parameters": {
        "vaultName": {
            "type": "String"
        },
        "vaultRG": {
            "type": "String"
        },
        "vaultSubID": {
            "type": "String"
        },
        "instantRpRetentionRangeInDays": {
            "type": "Int"
        },
        "policyName": {
            "type": "String"
        },
        "schedule": {
            "type": "Object"
        },
        "retention": {
            "type": "Object"
        },
        "timeZone": {
            "type": "String"
        },
        "instantRPDetails": {
            "type": "Object"
        }
    },
    "resources": [
        {
            "type": "Microsoft.RecoveryServices/vaults/backupPolicies",
            "apiVersion": "2016-06-01",
            "name": "[concat(parameters('vaultName'), '/', parameters('policyName'))]",
            "properties": {
                "backupManagementType": "AzureIaasVM",
                "schedulePolicy": "[parameters('schedule')]",
                "retentionPolicy": "[parameters('retention')]",
                "timeZone": "[parameters('timeZone')]",
                "instantRpRetentionRangeInDays": "[parameters('instantRpRetentionRangeInDays')]",
                "instantRPDetails": "[parameters('instantRPDetails')]"
            }
        }
    ]
}